Nama,Harga,Terjual,Diskon,Lokasi_Toko
Atjin-Celana Tactical Tactical Panjang PDL Kargo Long Pants [ABU],Rp115.335,2.0K Terjual,23% Off,Kota Bandung
celana pendek pria cargo premium kargo terbaru pilihan kualitas distro,Rp105.000,213 Terjual,62% Off,Kab. Bandung
Celana cargo / celana kargo pria / celana gunung panjang PREMIUM/ Celana Cargo Panjang Pria / PDL / Celana Gunung,Rp68.500,278 Terjual,56% Off,Kota Jakarta Barat
CELANA CARGO WANITA KOREAN STYLE SAKU 3 CELANA KULOT CARGO,Rp26.900,1.9K Terjual,55% Off,Kab. Cirebon
100RB DAPAT 4PCS CELANA CARGO PANJANG PRIA DEWASA CELANA PANJANG PRIA DEWASA KARGO COD TERBARU 2023,Rp39.750,3.9K Terjual,12% Off,Kab. Cirebon
Celana cargo panjang pria korean style gombrong cowok hitam parasut oversize karet Kargo kulot keren,Rp108.800,650 Terjual,50% Off,Kab. Tangerang
CELANA CARGO PANJANG PRIA DEWASA CELANA PRIA CELANA PANJANG COWOK PINGGANG RIB CELANA PANJANG CELANA CHINO CELANA CELANA PANJANG COWOK KEKINIAN CELANA KARGO,Rp39.750,4.2K Terjual,78% Off,Kab. Cirebon
Celana Alpin Merah hitam Pendek Punk Celana Cargo Kargo Coeok Cowo Laki Laki Punk,Rp78.000,753 Terjual,40% Off,Kab. Sukoharjo
CELANA CARGO KARGO PANJANG CHINO CHINOS TOP GLOBAL,Rp48.500,7.1K Terjual,61% Off,Kab. Pekalongan
Celana Cargo Pria / Celana Panjang Kargo Pria / Celana Cargo Panjang Pria / Celana Panjang Pria / Celana Pria Panjang / Celana Gunung / Celana Outdor / Celana Hiking / Celana Panjang Pria / Celana Panjang Cargo Pria Terlaris / Termurah - Voute,Rp50.000,18.7K Terjual,72% Off,Kota Jakarta Pusat
Celana Pendek Cowok Keren Kargo Bisa Cod Celana  Pendek Pria Warna Abu Tua Grey Kargo Kempol Gembol Distro Pdl Cowok,Rp27.500,4.6K Terjual,61% Off,Kab. Cirebon
CELANA PANJANG PRIA MEN BASIC CARGO PANTS - Outfit Pekerja Santai,Rp35.000,4.5K Terjual,53% Off,Kab. Cirebon
SULTAN CARGO - Celana cargo panjang pria - Celana PDL - Celana outdoor - bisa bayar tujuan,Rp64.500,301 Terjual,52% Off,Kota Jakarta Barat
PROMO TERMURAH !!! CELANA PENDEK KARGO BAHAN DENIM DISTRO TERMURAH - KARGO PENDEK CARGO,Rp43.500,47 Terjual,68% Off,Kab. Grobogan
CELANA KARGO PANJANG TERMURAH DAN TERKEREN SEALAM SEMESTA,Rp80.000,128 Terjual,11% Off,Kab. Cirebon
Bralio Denim Celana Pendek Kargo Cargo Outdoor Travelling Pantai Boardshort Chino Chinos Distro Terbaru Terlaris,Rp79.000,126 Terjual,50% Off,Kab. Pekalongan
PAKET 1 DAPAT 3 PCS CELANA PEDEK CARGO KOLOR SEMI LEVIS,Rp23.900,392 Terjual,20% Off,Kab. Cirebon
Celana Cargo Panjang Pria Jumbo celana oversize pria celana gombrong laki laki murah Celana Kargo,Rp108.900,3.7K Terjual,50% Off,Kab. Tangerang
BISA BAYAR DI TEMPAT - CELANA KARGO PENDEK DEWASA / CELANA PENDEK CARGO,Rp55.000,152 Terjual,56% Off,Kota Jakarta Barat
Celana Pendek Chino kargo bahan katun adem nyaman di pakai,Rp55.000,73 Terjual,44% Off,Kota Pekalongan
CELANA KARGO/KOMPOL PENDEK PRIA SIZE 27 34 PREMIUM QUALITY,Rp31.200,230 Terjual,62% Off,Kab. Cirebon
CELANA TACTICAL CARGO KARGO CEWE CANTIK PREMIUM,Rp107.800,27 Terjual,53% Off,Kab. Bandung
Celana Pendek Pria CARGO PENDEK TERLARIS TERMURAH Celana kargo pendek pria celana cargo pendek terbaru celana pendek cargo pria celana cargo thrasher murah celana distro celana cargo pria,Rp25.500,1.3K Terjual,63% Off,Kab. Cirebon
CELANA PRIA DISTRO - CELANA PENDEK PRIA DEWASA CELANA PDL KARGO CARGO PENDEK COWOK LAKI LAKI PINGGANG KARET RIB TERLARIS,Rp37.700,197 Terjual,50% Off,Kab. Cirebon
CELANA CARGO PENDEK PRIA PINGGANG KARET KARGO RIP CARGO CHINO KASUAL,Rp48.500,34 Terjual,51% Off,Kab. Pekalongan
STOK BARU CELANA PENDEK TACTICAL BLACKHAWK CELANA PDL KARGO,Rp65.000,2.3K Terjual,35% Off,Kab. Bandung
Celana chino pendek cargo fashion pria celana pendek kargo,Rp20.945,5 Terjual,68% Off,Kab. Cirebon
KOLOR CARGO PRIA BESAR BAHAN DENIM LEVS - KARGO KOLOR HARIAN BAHAN DENIM - KATOK PRIA HARIAN,Rp38.950,30 Terjual,54% Off,Kab. Grobogan
Atjin-Celana Tactical Tactical Panjang PDL Kargo Long Pants [HIJAU],Rp115.000,845 Terjual,23% Off,Kota Bandung
TjinCollection-Celana Tactical Tactical Panjang PDL Kargo Long Pants [Krem],Rp113.850,1.7K Terjual,24% Off,Kota Bandung
CELANA KARGO MODEL TERBARU WOWWW MURAH BANGET!!!,Rp35.000,40 Terjual,13% Off,Kab. Cirebon
Celana Pendek Kargo Pria // Celana pendek Outdor // Celana Pendek Camping // Celana Pendek Banyak Saku // Celana Pendek Kasual Terbaru,Rp125.000,10 Terjual,31% Off,Kota Jakarta Barat
CELANA CARGO CELANA PANJANG CARGO KANTONG ATAU SAKU 3 DENGAN MODEL TERBARU,Rp25.900,448 Terjual,65% Off,Kab. Cirebon
TURUN HARGA !!! CELANA KARGO PENDEK DEWASA / CELANA PENDEK CARGO BISA BAYAR DI TEMPAT,Rp25.771,36.9K Terjual,79% Off,Kab. Cirebon
CELAN PENDEK CARGO PREMIUM DISTRO - Celana KARGO DISTRO MURAH,Rp71.752,5 Terjual,20% Off,Kab. Grobogan
Celana PDL Celana Kimpul Celana Thrasher Celana Kargo Panjang Bisa COD Termurah,Rp75.000,122 Terjual,25% Off,Kab. Pekalongan
Celana Cargo Panjang Pria / Celana Cargo Panjang Distro / Celana kargo Panjang pria / Celana Cargo Panjang Cowok / Celana Panjang Pria Keren / Celana Pnjang Pria Terbaru / Celana Panjang Pria Distrto,Rp39.500,32 Terjual,60% Off,Kab. Cirebon
Bayar di tempat Celana chino pendek cargo fashion pria(harga promo) celana pendek kargo pria termurah / celana cargo pendek pria / celana pendek kargo hitam/ celana pendek fashion,Rp28.500,3.0K Terjual,56% Off,Kab. Cirebon
COD  BAYAR DI TEMPAT Celana cargo panjang pria Celana gunung  Celana elegan  Celana out door CELANA CARGO MODEL TERBARU CELANA KARGO TERKEREN,Rp119.999,48 Terjual,63% Off,Kab. Sukabumi
( LAGI DISKON TERMURAH ) 80 RB DAPAT 4 CELANA CARGO DEWASA / CELANA KARGO RIB PENDEK BISA BAYAR DI TEMPAT,Rp90.100,41 Terjual,25% Off,Kab. Cirebon
Celana Cargo panjang Pria Treendy Kargo PDL Gunung/Celana Cargo Hitam Panjang Pria terbaru,Rp85.121,1.8K Terjual,45% Off,Kota Jakarta Selatan
( LAGI DISKON ) 80 RB DAPAT 4 CELANA KARGO PENDEK DEWASA PRIA / CELANA SANTAI KARGO  / CELANA PENDEK CHINO KARGO COD,Rp26.000,2.5K Terjual,78% Off,Kab. Cirebon
MILAN.CO | CELANA PANJANG ANAK KARGO / CELANA PANJANG JOGER ANAK LAKI LAKI,Rp39.900,116 Terjual,39% Off,Kab. Bandung
CELANA PENDEK PRIA TERBARU / CELANA PENDEK CARGO PRIA / CELANA CARGO PENDEK PRIA / BIG SIZE CELANA PENDEK CHARGO / CELANA KARGO PENDEK PRIA / PAKIAN PRIA / BAWAHAN / CELANA / CELANA MURAH / CELANA PENDEK DISTRO PRIA - MARKAS JEANS 1590476900,Rp49.900,168 Terjual,67% Off,Kota Jakarta Pusat
trasher celana pendek kargo pria keren,Rp18.000,8.7K Terjual,82% Off,Kota Pekalongan
CELANA KARGO PANJANG HARGA PROMO TERMURAH 110RIBU 3 PCS,Rp110.000,304 Terjual,19% Off,Kab. Cirebon
PINGGANG KARET celana kargo pendek kempol saku,Rp74.500,115 Terjual,56% Off,Kab. Kudus
celana kargo pendek merek x-over warna hijau abu coklat hitam bahan kanvas twil fashion pria/celana pria/celana murah meriah/celana santai/celana keren,Rp65.000,5.1K Terjual,74% Off,Kota Pekalongan
celana pendek kargo loreng terbaru,Rp62.900,7.6K Terjual,63% Off,Kota Tangerang Selatan
Celana Pendek Cargo Loreng / Celana Cargo Pendek Murah / Celana Pendek Kargo / Celana Gunung / Celana TNI / Celana Pendek Cinos / Celana Santai / Celana Pendek Pria / ANDROS 53,Rp74.900,8.3K Terjual,50% Off,Kota Tangerang
Celana Cargo Pria / Celana Panjang Kargo Pria / Celana Cargo Panjang Pria / Celana Panjang Pria / Celana Pria Panjang / Celana Gunung / Celana Outdor / Celana Hiking / Celana Panjang Pria / Celana Panjang Cargo Pria Terlaris / Termurah - Voute,Rp59.900,372 Terjual,65% Off,Kota Jakarta Pusat
celana pendek cargo kargo distro chinos chino pantai santai traveling gunung hiking outdoor pria terbaru termurah terlaris,Rp54.000,123 Terjual,45% Off,Kab. Pekalongan
CELANA TACTICAL PANJANG/KARGO/CARGO/PRIA,Rp75.000,206 Terjual,56% Off,Kab. Bandung Barat
CELANA PENDEK KARGO Billboss KUWALITAS BAGUS DENGAN JAHITAN RAPI,Rp79.900,1.8K Terjual,68% Off,Kota Jakarta Pusat
celana pendek Pria cargo 3/4 Avocado/Celana Pendek Kargo 3/4 Pria Pendek Model Terbaru,Rp66.433,74 Terjual,57% Off,Kota Jakarta Selatan
Celana Chino Panjang tanggung Katun Tuwill celana kargo TOKO ALWY,Rp99.900,90 Terjual,45% Off,Kab. Cirebon
Celana Cargo Pria / Celana Pendek Pria / Celana Cargo Pendek Pria Terbaru / Celana Pria Pendek Kargo Terlaris / Celana Outdor / Celana Gunung / Celana PDL Hiking Pendek Pria / Celana Pria / Celana Pendek Kargo Pria - Voute Fashion,Rp40.000,199 Terjual,73% Off,Kota Jakarta Pusat
Celana Pendek Cargo Loreng / Celana Cargo Pendek Murah / Celana Pendek Kargo / Celana Gunung / Celana TNI / Celana Pendek Cinos / Celana Santai / Celana Pendek Pria / Markas Jeans,Rp63.000,713 Terjual,58% Off,Kota Jakarta Pusat
CELANA PENDEK CARGO SIZE JUMBO POLOS PRIA bahan denim strech warna Hitam/Abu/Beige/Mocca,Rp65.999,110 Terjual,65% Off,Kab. Kudus
JUMBO kargo pendek fashion polos,Rp89.900,2.9K Terjual,49% Off,Kab. Kudus
celana panjang chino anak // celana panjang kargo anak // CELANA PANJANG ANAK 6-17 TAHUN TOKO ALWY,Rp13.900,14 Terjual,46% Off,Kab. Cirebon
Celana Cargo Panjang Premium Original / Celana Kargo,Rp149.650,39 Terjual,15% Off,Kota Tangerang
Celana dan Sabuk Tactical Tactical Panjang PDL Kargo Long Pants [Hitam-Krem-Hijau-Abu-Biru],Rp128.601,40 Terjual,29% Off,Kota Bandung
Celana panjang pria dewasa joger tactical Blackhawk-Celana Tactical Panjang PDL Kargo Long Pants,Rp110.000,60 Terjual,8% Off,Kab. Bandung
CELANA PENDEK KARGO BAHAN DENIM DISTRO TERMURAH - KARGO PENDEK,Rp38.500,68 Terjual,73% Off,Kab. Grobogan
Atjin-Celana Tactical Sirwal / Celana Kargo Tactical / Celana Sunnah [ 5 Warna ],Rp92.565,223 Terjual,20% Off,Kota Bandung
PROMO !!! CELANA PENDEK KARGO BAHAN DENIM DISTRO TERMURAH,Rp41.400,90 Terjual,68% Off,Kab. Grobogan
PROMO !!! CELANA PENDEK KARGO BAHAN DENIM DISTRO TERMURAH,Rp43.200,35 Terjual,57% Off,Kab. Grobogan
Grandfuturo Celana Cargo Pendek Cotton Twill,Rp137.610,586 Terjual,24% Off,Kota Tangerang Selatan
PROMO TERMURAH !!! Celana Cargo Kargo Pendek Premium // celana pendek pria thrasher brodil kimpol,Rp55.000,17 Terjual,45% Off,Kab. Pekalongan
Atjin-Celana Tactical Tactical Camo Desert Army Panjang PDL Kargo Long Pants [Dessert],Rp107.910,23 Terjual,28% Off,Kota Bandung
Bayar di tempat Celana chino pendek cargo fashion pria (harga promo) celana pendek kargo pria termurah / celana cargo pendek pria / celana pendek kargo hitam/Halte fashion,Rp49.900,24 Terjual,67% Off,Kota Jakarta Pusat
PAKET MURAH 4 PCS-CELANA CARGO PENDEK PRIA//CELANA PENDEK PRIA//CELANA PENDEK TERLARIS,Rp37.500,429 Terjual,50% Off,Kab. Cirebon
Celana Pendek Cowok Keren Kargo Bisa Cod Celana  Pendek Pria Warna Abu Tua Grey Kargo Kempol Gembol Distro Pdl Cowok,Rp22.500,3.4K Terjual,65% Off,Kab. Cirebon
Celana cargo pendek pria  Celana cargo  Celana kimpul  Celana gunung  Celana pendek cargo murah Celana pendek pria Celana Kantong Samping Celana Banyak Saku Celana Katun Celana Kren Celana Pendek Kargo Pria Terbaru / Terlaris /Termurah Tahun 2022,Rp75.000,100 Terjual,50% Off,Kota Jakarta Pusat
Nst88 collection - Celana cargo PDL - Celana kargo gunung,Rp64.500,66 Terjual,52% Off,Kota Jakarta Barat
Celana Pendek Cargo Hijau Army - Celana Pendek Warna Cargo Pria - Celana kargo Cowok bisa C O D,Rp55.000,137 Terjual,56% Off,Kota Jakarta Barat
PROMO TERMURAH !!! Celana Cargo Kargo Pendek Premium,Rp69.450,49 Terjual,37% Off,Kab. Grobogan
Celana Cargo Panjang Pria / Celana Cargo Regular / Celana Pdl,Rp95.000,77 Terjual,58% Off,Kota Jakarta Pusat
Celana Pendek Pria Dewasa Bahan Tuwil Motif Rib Loreng Army Celana Distro Termodern Celana Pendek Distro Celana Pendek Kargo,Rp26.500,68 Terjual,17% Off,Kab. Cirebon
Celana Cargo Panjang Pria / Celana Cargo Long pants /,Rp120.000,2.7K Terjual,45% Off,Kota Cimahi
celana kargo panjang pria warna hijau abu coklat bahan kanvas twil ukuran 28-38/CELANA SANTAI/CELANA GUNUNG/CELANA KEREN/CELANA MURAH MERIAH,Rp85.000,5.4K Terjual,53% Off,Kota Pekalongan
celana panjang kargo pria//celana pdl//celana pria//celana kargo denim// celana santai//,Rp69.000,7.1K Terjual,58% Off,Kab. Pekalongan
"celana pendek kargo pria keren 4 warna - Cokelat, abu,hijau/celana murah meriah/celana santai/celana gunung/celana berkebun",Rp65.000,6.9K Terjual,57% Off,Kota Pekalongan
Terlaris Celana Chino Pendek Cargo Fashion Pria (harga promo) Celana Pendek Kargo Pria Termurah / Celana Cargo Pendek Pria / Celana Pendek Kargo / Celana Pendek Fashion,Rp68.500,133 Terjual,49% Off,Kota Jakarta Utara
Celana Pendek Kargo Pria I Gomma Short Cargo Harian Kasual Santai,Rp53.000,482 Terjual,34% Off,Kab. Pekalongan
( LAGI DISKON ) 80RB DAPAT 4 CELANA PENDEK KARGO DEWASA / CELANA PENDEK KARGO / CELANA SANTAI / CELANA CHINOS KARGO COD,Rp93.846,235 Terjual,22% Off,Kab. Cirebon
CELANA PENDEK KARGO ARMY/CELANA PENDEK LORENG/CELANA KARGO PENDEK LORENG ARMY PRIA KEKINIAN 2022,Rp59.900,39 Terjual,60% Off,Kota Tangerang Selatan
CELANA PENDEK KARGO PRIA,Rp58.900,2.9K Terjual,60% Off,Kota Tangerang Selatan
CELANA PENDEK KARGO BAHAN DENIM DISTRO TERMURAH - KARGO PENDEK CARGO GUNUNG BAHAN TEBAL,Rp42.571,166 Terjual,66% Off,Kab. Grobogan
CELANA KARGO PENDEK 90RIBU 3PCS SUPER BANGET MURAHNYA,Rp90.000,14 Terjual,25% Off,Kab. Cirebon
Celana Cargo Pria / Celana Panjang Kargo Pria / Celana Cargo Panjang Pria / Celana Panjang Pria / Celana Pria Panjang / Celana Gunung / Celana Outdor / Celana Hiking / Celana Panjang Pria / Celana Panjang Cargo Pria Terlaris-ANDESRON SR,Rp95.000,89 Terjual,44% Off,Kota Bekasi
CELANA PENDEK KARGO BAHAN DENIM DISTRO TERMURAH - KARGO PENDEK CARGO GUNUNG BAHAN TEBAL,Rp40.500,534 Terjual,59% Off,Kab. Grobogan
Atjin-Celana Tactical Tactical Panjang PDL Kargo Long Pants [HITAM],Rp115.000,3.1K Terjual,30% Off,Kota Bandung
Atjin-Celana Tactical Tactical Pendek PDL Kargo ShortPants [Krem-Hijau-Hitam-Abu],Rp88.407,712 Terjual,26% Off,Kota Bandung
Celana cargo big size pria korean style hitam celana cargo pinggang karet celana kargo panjang murah,Rp109.890,766 Terjual,50% Off,Kab. Tangerang
CELANA PENDEK PRIA DISTRO - Celana Cargo Pria Pendek / Celana Pendek Pria Dewasa Pinggang RIB Karet / Celana Cargo Pendek / Celana Kargo Pendek Pria Tebal / Celana Pendek Pria Tebal Terabru 2023,Rp36.700,55 Terjual,53% Off,Kab. Cirebon
Celana Kargo Pendek Pria (BAYAR COD),Rp95.000,20 Terjual,66% Off,Kab. Bandung
celana panjang cargo / kargo pria bahan tebal,Rp94.500,16 Terjual,53% Off,Kab. Kudus
CELANA PENDEK KARGO BAHAN DENIM DISTRO TERMURAH - CAERGO KARGO PENDEK,Rp69.950,5 Terjual,48% Off,Kab. Grobogan
CELANA PENDEK CARGO PRIA DISTRO Celana cargo pria premium termurah kargo pendek PREMIUM,Rp69.999,322 Terjual,48% Off,Kab. Grobogan
PROMO TERMURAH !!! Celana Pendek Cargo Kargo Premium Distro,Rp59.900,92 Terjual,32% Off,Kab. Grobogan
Bayar di tempat Celana chino pendek cargo fashion pria (harga promo) celana pendek kargo pria termurah / celana cargo pendek pria,Rp99.900,169 Terjual,39% Off,Kab. Grobogan
CELANA PENDEK PRIA TERBARU/celana pendek cargo/celana pendek kargo/celana pendek cinos/celana pendek pria/Celana Pendek Chinos/Celana Gunung/celana,Rp29.000,144 Terjual,68% Off,Kab. Cirebon
CARGO PENDEK PRIA PINGGANG KARET / KARGO RIP CARGO CHINO KASUAL,Rp48.500,56 Terjual,51% Off,Kab. Pekalongan
Celana Cargo Panjang Pria / Celana Cargo Pria / Celana Panjang Kargo Pria / Celana Panjang Pria / Celana Pria Panjang / Celana Gunung / Celana Outdor / Celana Hiking / Celana Panjang Pria / Celana Panjang Cargo Pria Terlaris / Termurah - Voute Fashion,Rp59.900,81 Terjual,67% Off,Kota Jakarta Pusat
Celana Kargo Pendek Mocca Best Seller,Rp95.000,35 Terjual,66% Off,Kab. Bandung
BAYAR DI TEMPAT COD  Celana Cargo Pendek Pria Hijau Army Terbaru Celana Pendek Pria Celana Pendek Cargo Pria Celana Chinos Celana Pendek Cargo Original Celana Cargo Pendek Distro  Celana Pendek Kargo Terlaris  Celana Pendek Murah Markas Jeans,Rp59.000,46 Terjual,62% Off,Kota Jakarta Pusat
PROMO TERMURAH !!! Celana Cargo Kargo Pendek Premium,Rp67.228,6 Terjual,46% Off,Kab. Grobogan
CELANA CARGO PENDEK PRIA DISTRO KATOK PENDEK KARGO CARGO DISTRI PRIA MURAH,Rp77.940,24 Terjual,32% Off,Kab. Grobogan
Celana Chino Jogger / Joger Cargo / Kargo Anak Panjang Laki - laki Perempuan Termurah 1-13thn | BISA COD | FREE ONGKIR,Rp32.900,1.6K Terjual,53% Off,Kab. Bekasi
Celana Alpin Panjang Hitam Punk Celana Cargo Kargo Kempol Hitam Punk,Rp98.000,259 Terjual,35% Off,Kab. Sukoharjo
Atijn - Celana Panjang Joger Jogger Pria Model Kargo Kancing Bahan Katun Twill / Celana Sirwal Pria,Rp91.575,581 Terjual,63% Off,Kota Bandung
STAR COLECTION - Celana cargo panjang pria / celana cargo star denim / celana kargo panjang / celana panjang saku samping pria / celana cargo gunung autdoor terbaru / celana bahan katun / celana panjang cargo pria slimfit,Rp108.500,6.1K Terjual,70% Off,Kota Cimahi
2023 baru celana kargo pria  training celana Celana kasual gaya Korea celana kerja korea celana karet celana longgar celana joging celana casual pria overall trendi celana panjang anak celana cargo bagus Model celana panjang pria Korea tidak akan luntur,Rp69.500,534 Terjual,58% Off,Kab. Tangerang
CELANA PENDEK PRIA TERBARU/celana pendek cargo/celana pendek kargo/celana pendek cinos/celana pendek pria/Celana Pendek Chinos/Celana Gunung/celana Pria,Rp55.123,104 Terjual,79% Off,Kota Jakarta Pusat
ATD CELANA KARGO PENDEK OUTDOOR- KIMPUL,Rp74.500,6.1K Terjual,56% Off,Kab. Kudus
free ongkir bayar di tempat CELANA KARGO BLACKHAWK PRIA,Rp56.578,580 Terjual,34% Off,Kab. Bandung
Celana Pendek Pria / Celana Pendek Kargo / Celana Pendek Distro Kasual Santai Premium,Rp53.000,1.1K Terjual,34% Off,Kab. Pekalongan
(COD) Celana Kargo Pinggang Karet Cocok Kerja Harian (Kargo Rip Pjg),Rp120.000,230 Terjual,11% Off,Kota Jakarta Barat
(BISA COD)TERBARU CELANA KARGO PANJANG PRIA//CELANA PANJANG KARGO//CELANA PRIA//CELANA PDL//CELANA GUNUNG//CELANA AUT DOOR,Rp79.000,1.9K Terjual,57% Off,Kab. Pekalongan
PROMO !!! CELANA PENDEK KARGO BAHAN DENIM DISTRO TERMURAH,Rp45.022,517 Terjual,64% Off,Kab. Grobogan
MILAN.co CELANA PANJANG KARGO ANAK JOGGER UMUR 2-12THN,Rp39.900,130 Terjual,39% Off,Kab. Bandung
Celana Alpin Panjang Merah Celana Punk Celana Cargo Kargo Kempol Punk,Rp99.000,242 Terjual,34% Off,Kab. Sukoharjo
celana kargo panjang cardinal hitam cargo kimpul outdor,Rp79.500,2.2K Terjual,60% Off,Kab. Kudus
Atjin-Celana Tactical Tactical Pendek PDL Kargo ShortPants [Krem-Hijau-Hitam-Abu-Biru],Rp89.900,6.0K Terjual,33% Off,Kota Bandung
Celana Sirwal Pria Bahan Tebal Cingrang Sontog Clana Pangsi Cingkrang Muslim Laki Murah Keren Kargo Modern Santri Sholat Jumbo Gaul Dewasa Silat Joger Terbaru Distro Import Cowok Model 2022 Cargo Promo Sirwal Cingkrang Celana Pangsi Son WZ869,Rp60.000,169 Terjual,25% Off,Kab. Tangerang
Atjin-Celana Tactical Tactical Pendek PDL Kargo ShortPants [Abu],Rp89.793,2.6K Terjual,25% Off,Kota Bandung
Celana dan Sabuk Tactical Tactical Panjang PDL Kargo Long Pants [Hitam-Krem-Hijau-Abu-Biru],Rp128.699,39 Terjual,26% Off,Kota Bandung
Celana cargo / celana kargo pria / celana gunung panjang PREMIUM/ Celana Cargo Panjang Pria / PDL / Celana Gunung/BARGOT JAYA,Rp95.000,20 Terjual,44% Off,Kota Jakarta Pusat
USO Celana Panjang Cargo Tactical Project Warna Hitam Big Size Jumbo Bahan Ripstop Reguler Fit,Rp115.110,53 Terjual,62% Off,Kab. Bandung
celana kargo panjang kempol bahan tebal,Rp99.900,200 Terjual,50% Off,Kab. Kudus
ATD CELANA KARGO PDL CARGO OUTDOOR,Rp69.500,44 Terjual,53% Off,Kab. Kudus
Nst88 collection - celana cargo pria - Cargo panjang - celana gunung  - bahan American Driil,Rp64.500,21.3K Terjual,52% Off,Kota Jakarta Barat
Celana Kargo Hitam Pendek Pria 'BEST SELLER,Rp95.000,220 Terjual,68% Off,Kab. Bandung
Celana Pendek Kargo RIP #Celana Pendek #celana pria,Rp32.578,327 Terjual,57% Off,Kab. Cirebon
PROMO !!! CELANA PENDEK KARGO BAHAN DENIM DISTRO TERMURAH,Rp28.800,6 Terjual,71% Off,Kab. Grobogan
Celana Pangsi Super Jumbo XXXXXL 5XL Pria Sirwal Cowok Kargo Dewasa 90Kg - 130Kg,Rp65.000,80 Terjual,13% Off,Kota Jakarta Selatan
clana cargo/clana pria/s4turday.id size 28,Rp99.000,135 Terjual,40% Off,Kab. Bogor
Tactical-Celana Panjang Lapangan Tactical Kargo PDL Tactical Tactical American Drill Serat Halus Tebal dan Anti Gesek (Tidak berbulu),Rp109.296,6.3K Terjual,56% Off,Kota Bandung
JUmbo celana kargo jeans pendek by NEvilla original,Rp77.500,57 Terjual,48% Off,Kab. Kudus
CELANA CARGO CARPANTER CARHART SPESIAL SERIES STICHING SELVEDGE JUMBO PANTS,Rp165.000,311 Terjual,76% Off,Kab. Bandung
Atjin -Celana Pendek Cargo Lapangan Tactical Tactical Premium Kargo PDL Tactical Tactical American Drill Serat Halus Tebal dan Anti Gesek (Tidak berbulu) / Celana Gunung Pria Outdoor / Celana Tactical Terbaru 2021,Rp83.061,152 Terjual,58% Off,Kota Bandung
Celana panjang pria / Celana cargo panjang / Celana / Celana cargo panjang pria / Celana kargo / pakaian pria / Celana panjang,Rp85.000,33 Terjual,50% Off,Kota Bekasi
RAT Celana Tactical Panjang PDL Kargo Long Pants Cargo Blackhawk,Rp74.500,255 Terjual,1% Off,Kab. Bandung
TjinCollection-Celana Tactical Tactical Pendek EXCLUSIVE PDL Kargo ShortPants [Hitam-Krem-Hijau-Biru-Abu],Rp89.400,10.3K Terjual,26% Off,Kota Bandung
Greenforest Gaharu Celana Gunung Kargo - Celana Cargo Panjang,Rp121.500,832 Terjual,3% Off,Kota Bekasi
Celana Pendek Pria / Boardshort Kargo / Celana Pendek / Celana Surfing,Rp53.000,57 Terjual,34% Off,Kab. Pekalongan
Celana panjang chino anak 5 -10 tahun // kargo kekinian // Jogger Harian,Rp26.910,241 Terjual,51% Off,Kab. Bandung
Celana Cargo Panjang Pria Distro Premium,Rp95.000,4.9K Terjual,49% Off,Kab. Cirebon
celana kulot pria Celana Cargo Panjang Pria Jumbo celana oversize pria celana gombrong laki laki murah celana panjang pria Big Size Celana Kargo Ukuran XXXL,Rp113.800,384 Terjual,47% Off,Kab. Tangerang
Atjin -Celana Pendek Lapangan Tactical Kargo xPDL Tactical Tactical American Drill Serat Halus Tebal dan Anti Gesek (Tidak berbulu) / Celana Gunung Pria Outdoor / Celana Tactical Terbaru 2021,Rp81.300,432 Terjual,59% Off,Kota Bandung
CELANA CARGO SAMBUNG PANJANG PRIA/CELANA CARGO PANJANG/CELANA KARGO PRIA | CELANA OUTDOOR GUNUNG PDL,Rp95.000,15 Terjual,37% Off,Kab. Bandung
Atjin- Celana Panjang Tactical Kargo Lapangan PDL American Drill Serat Halus Tebal dan Anti Gesek (Tidak berbulu),Rp110.929,141 Terjual,60% Off,Kota Bandung
TjinCollection-Celana Tactical Tactical Premium Panjang PDL Kargo Long Pants [Hitam-Krem-Hijau-Abu-Biru-Dessert],Rp95.000,668 Terjual,37% Off,Kota Bandung
Celana Kargo Anak 1-10 Tahun Panjang | Chino Harian | Jogger Keren Kekinian,Rp25.415,72 Terjual,52% Off,Kab. Bandung
Atjin-Celana Tactical PREMIUM SERIES Tactical Panjang PDL Kargo Long Pants [Hitam-Krem-Hijau-Abu-Biru],Rp114.345,310 Terjual,24% Off,Kota Bandung
Celana Pendek Cargo Loreng / Celana Cargo Pendek Murah / Celana Pendek Kargo / Celana Gunung / Celana TNI / Celana Pendek Cinos / Celana Santai / Celana Pendek Pria -BINTANG KARGO,Rp69.900,112 Terjual,50% Off,Kota Jakarta Barat
"Atjin- Celana Panjang Kargo Pria Katun Canvas Twill Stretch  Model Kargo Tactical Militer [ READY 3 Warna , Size 28-40]",Rp103.059,16 Terjual,59% Off,Kota Bandung
CELANA PENDEK KARGO BAHAN DENIM DISTRO TERMURAH - KARGO PENDEK CARGO GUNUNG BAHAN TEBAL,Rp88.500,71 Terjual,7% Off,Kab. Grobogan
Celana kargo pendek premium pria cowok /Celana cargo pria murah - Katok pendek Distro pria Cargo,Rp69.105,400 Terjual,15% Off,Kab. Grobogan
USO - Celana Pendek Kargo PDL hitam Tactical Blackhawk 3/4,Rp83.300,15 Terjual,54% Off,Kab. Bandung
Tactical Force - Celana Panjang Lapangan Multifungsi Tactical Kargo PDL Tactical Tactical American Drill Serat Halus Tebal dan Anti Gesek (Tidak berbulu),Rp110.400,11 Terjual,56% Off,Kota Bandung
COD - Celana Pendek Kargo BAHAN levs Denim Celana Cargo Pendek Jeans,Rp75.440,9 Terjual,34% Off,Kab. Grobogan
celana panjang cargo tactical w-tac blackhawk outdoor lpangan dinas pria wanita casual kargo modern,Rp90.000,23 Terjual,64% Off,Kab. Bandung
PROMO TERMURAH !!! Celana Cargo Kargo Pendek Premium Celana gunung,Rp73.090,97 Terjual,14% Off,Kab. Grobogan
Celana Kargo Pendek Crem clothing Pria  'BAYAR DITEMPAT,Rp90.400,36 Terjual,70% Off,Kab. Bandung
celana cargo pria kargo distro panjang,Rp120.000,26 Terjual,52% Off,Kab. Bandung
KARGO PENDEK PRIA DISTRO PREMIUM - CELANA CARGO PENDEK - KATOK PENDEK DISTRO PRIA CARGO PREMIUM,Rp79.800,17 Terjual,34% Off,Kab. Grobogan
ZWECKOUT LABEL - Cargo Pants / Celana Panjang Pria Kargo Jumbo Big size Pdl Slim Fit,Rp133.551,604 Terjual,76% Off,Kab. Bandung
celana kargo / cargo panjang bahan tebal kuat,Rp94.500,93 Terjual,53% Off,Kab. Kudus
Otsky Celana Cargo Long New All X Cavier Pria Panjang,Rp159.900,243 Terjual,59% Off,Kota Bandar Lampung
Atjin-Celana Tactical Panjang PDL Kargo / Tactical / Celana Gunung Pria [ Size 28- 44 JUMBO ],Rp93.399,5.3K Terjual,22% Off,Kota Bandung
Gizmo Long Cargo Pants Prime Mocca,Rp159.800,353 Terjual,50% Off,Kota Bandung
Atjin-Celana Tactical Panjang PDL Kargo / Tactical / Celana Gunung Pria,Rp92.367,11.0K Terjual,29% Off,Kota Bandung
"CELANA CARGO ,LONG PANTS CARGO,UNISEX, CELANA CARGO PANJANG 33-38",Rp75.000,39 Terjual,12% Off,Kab. Pekalongan
Atjin-Celana Panjang Kargo Multifungsi Katun Twill Stretch Atjin [ Size 28 - 40 ] / Celana Panjang Kargo Jumbo,Rp102.960,87 Terjual,24% Off,Kota Bandung
Atjin- Celana Pendek Kargo Tactical Tactical Pria Bahan American Drill / Celana Gunung pria Outdoor / Celana Tactical Pria Terbaru / Celana Tactical Tactical,Rp85.000,46 Terjual,43% Off,Kota Bandung
TERLARIS!!! CELANA PANJANG KARGO ANAK LAKI LAKI/ CELANA PANJANG CARGO ANAK LAKI LAKI/ GARANSI 1 BLN by ZARA OS,Rp45.000,40 Terjual,74% Off,Kab. Jepara
COD CELANA W-TAC/CELANA TACTICAL/CARGO/PANJANG/KARGO,Rp89.999,66 Terjual,51% Off,Kab. Bandung Barat
Celana Kargo Camo Loreng Russia Atjin [ Size 28 - 40 ] / Celana Panjang Kargo Jumbo,Rp104.445,118 Terjual,58% Off,Kota Bandung
Celana Joger Kargo Anak SMP SD  Laki Cowok Cowo Remaja Tanggung 7 8 9 10 11 12 Thn Tahun Terbaru 2023 Kantong Banyak Size 24 25 26 / Rip Rib Jogger Cargo Katun Chino Chinos Cino Cinos Stretch Pinggang Karet Tali Kolor Melar Hitam Mocca Moka Krem Cream Abu,Rp64.900,199 Terjual,70% Off,Kota Tangerang Selatan
ZWK LABEL - Celana Cargo Pants Panjang Pria Slim Fit Kargo Jumbo Big Size,Rp140.000,60 Terjual,60% Off,Kab. Bandung
Celana Panjang Kargo Anak | Celana Chinos Cargo Anak Laki-Laki | Celana Cargo Katun Chino Anak | Celana Kargo Anak,Rp84.500,147 Terjual,72% Off,Kota Jakarta Selatan
PROMO TERMURAH !!! Celana Pendek Cargo Kargo PREMIUM Distro,Rp79.900,26 Terjual,6% Off,Kab. Grobogan
Atjin-Celana Tactical Semi JOGER Tactical Pendek PDL Kargo Long Pants,Rp85.000,108 Terjual,29% Off,Kota Bandung
Tactical- Celana Kargo Pria Tactical Model 10 kantong / Celana Gunung [ Size 28-44 ],Rp93.600,481 Terjual,38% Off,Kota Bandung
Celana Jogger Cargo Panjang Anak SD SMP Remaja Tanggung Laki Cowok Katun Stretch Terbaru 2022 Size 24 25 26 Usia 8 9 10 11 12 15 Thn Tahun / Rip Rib Kargo Pinggang Karet Bawah / Joger Tali Kolor Murah / Chino / Chinos / Cinos / Hitam Krem Mocca Moka Abu,Rp65.900,15 Terjual,67% Off,Kota Tangerang Selatan
USO Celana Panjang Cargo Tactical Project Big Size Jumbo Bahan Ripstop Reguler Fit,Rp297.500,379 Terjual,1% Off,Kab. Bandung
Hammerstout - Combat Slim Olive Celana Cargo - Celana Pria,Rp210.000,1.3K Terjual,40% Off,Kota Bandung
"Atjin - Celana Kargo Pendek Pria Gum Pocket Corak Loreng Tactical Camo [ READY 4 Warna , Size 28-40]",Rp87.500,109 Terjual,30% Off,Kota Bandung
Atjin - Celana Cargo Kargo  Panjang Lapangan M-Tac Pria Kualitas Militer Tebal dan Anti Gesek (Tidak berbulu) [ SIZE 28-44],Rp123.750,1.7K Terjual,65% Off,Kota Bandung
PROMO !!! CELANA PENDEK KARGO BAHAN DENIM DISTRO TERMURAH,Rp66.170,46 Terjual,47% Off,Kab. Grobogan
Z.A Celana PDL kargo sambung Pria outdor terbaru black/hitam,Rp125.000,261 Terjual,38% Off,Kab. Bandung
ZWK LABEL - Celana Cargo Pants Panjang Pria Slim Fit Kargo Jumbo Big Size,Rp140.000,16 Terjual,48% Off,Kab. Bandung
Hush Puppies Celana Kargo Pendek Pria Brulee,Rp250.000,11 Terjual,50% Off,Kota Tangerang
Z.A Hijau Celana Pendek Outdor Pdl Kargo Pria,Rp110.000,11 Terjual,45% Off,Kab. Bandung
Celana Kargo Pendek Army Loreng,Rp95.000,7 Terjual,58% Off,Kab. Bandung
celana panjang kargo pria//celana pdl//celana pria//celana kargo denim// celana san//,Rp89.999,80 Terjual,82% Off,Kota Jakarta Pusat
Gizmo Celana Cargo Panjang Reguler Green Army,Rp147.000,1.3K Terjual,49% Off,Kota Bandung
COD - Celana Pendek Kargo BAHAN levs Denim Celana Cargo Pendek Jeans,Rp85.400,88 Terjual,10% Off,Kab. Grobogan
Celana Pendek Cargo Pria Jumbo,Rp59.500,123 Terjual,38% Off,Kab. Pekalongan
American Drill Celana Panjang Lapangan Tactical Kargo PDL Tactical Tactical  Serat Halus Tebal dan Anti Gesek (Tidak berbulu),Rp107.217,19 Terjual,57% Off,Kota Bandung
FALERI .COD CELANA PANJANG KARGO PRIA CELANA PANJANG JEANS PRIA  CELANA KARGO JEANS CELANA JEANS PRIA TERBARU,Rp145.000,261 Terjual,64% Off,Kota Cimahi
Gizmo Long Cargo Pants Prime Green Army,Rp159.800,1.2K Terjual,50% Off,Kota Bandung
Cargo Pants Prime Cream Gizmo,Rp159.800,65 Terjual,50% Off,Kota Bandung
Atjin - Celana Panjang Kargo PDL Tactical Tactical American Drill Serat Halus Tebal dan Anti Gesek (Tidak berbulu),Rp98.901,68 Terjual,60% Off,Kota Bandung
Hammerstout - Combat Loose Type 3 - Celana Cargo - Celana Pria,Rp200.578,810 Terjual,47% Off,Kota Bandung
Celana anak jogger kargo zunior,Rp75.000,33 Terjual,17% Off,Kota Bandung
celana pendek kargo boardshort branded BEST SELLER REAL PICT,Rp124.500,341 Terjual,50% Off,Kota Jakarta Timur
Kolor Cargo Jens Pria Premium Celana Kargo Pendek Distro,Rp71.000,118 Terjual,8% Off,Kab. Pekalongan
Atjin -Celana Panjang Lapangan Tactical Kargo PDL Tactical Tactical American Drill Serat Halus Tebal dan Anti Gesek (Tidak berbulu),Rp108.801,41 Terjual,56% Off,Kota Bandung
Celana joger tactical Blackhawk-Celana Tactical Panjang PDL Kargo Long Pants,Rp90.973,320 Terjual,55% Off,Kab. Bandung
EIGER KROMOA CARGO PANTS,Rp447.300,58 Terjual,30% Off,Kota Depok
Owners Celana Cargo - Origin Green,Rp256.400,64 Terjual,34% Off,Kota Bandung
Celana Tactical Blackhawk Pendek Cargo Premium PDL Kargo Pendek unisex Terlaris,Rp118.750,719 Terjual,12% Off,Kab. Bandung
Cargo Pants - Celana Kargo Panjang Pria Pdl Gunung Hiking Slim fit Cream,Rp132.833,128 Terjual,67% Off,Kab. Bandung
Noufhane Long Pants Cargo - Celana Cargo Panjang Unisex Terbaru,Rp155.000,10 Terjual,48% Off,Kab. Bandung
Celana Cargo Pdl Kempol Kargo Panjang Pria Banyak Kantong Samping Katun Hitam Grey Mocca S M L XL,Rp146.200,134 Terjual,39% Off,Kab. Bandung
Celana Panjang Kargo GI Pria Cardinal E0470BK04D,Rp466.411,5 Terjual,31% Off,Kab. Bandung
BIBA Celana Cargo Kargo Panjang Pria Jumbo Bigsize Hight Quality Long Pants Chargo Size XXXXL Terbaru Cargo,Rp135.000,27 Terjual,25% Off,Kab. Bandung
BIBA 2 Celana Clana Cargo Kargo Panjang Pria Original Jumbo Big Size Hight Quality PREMIUM Cargo Panjang,Rp115.000,14 Terjual,54% Off,Kab. Bandung
Celana pendek cargo pria termurah - celana cargo pria distro premium kargo pendek bahan chinos katun,Rp69.900,41 Terjual,29% Off,Kab. Grobogan
BAHAN TEBAL celana pendek pria laki laki Cowo Dewasa distro warna Abu hitam cream hijau gunung lapangan santai pantai casual tactical katun selutut remaja jumbo cargo kargo drill keren kekinian army murah terlaris premium size 27-40,Rp24.500,133 Terjual,36% Off,Kab. Bandung
BAHAN TEBAL Celana Tactical Kargo Cargo pendek pria Dewasa Santai army Chino Cowo Laki Gunung,Rp32.500,49 Terjual,3% Off,Kab. Bandung
Celana Kargo I'M RULLES UKURAN BIG SIZE,Rp125.000,7 Terjual,47% Off,Kab. Bandung
Celana distro cargo pendek pria celana premium kargo  katok pendek cargo celana CARGO,Rp69.999,740 Terjual,29% Off,Kab. Grobogan
Celana Cargo Jogger Panjang Pria Cowok Lelaki Dewasa Katun Stretch Terbaru 2023 Ukuran Jumbo Big Size / Rip PDL Pinggang Karet Bawah / Melar / Joger Kargo Tali Kolor Gunung Tactical Besar / Chino / Chinos / Cinos / Hitam Black Cokelat Krem Mocca Moka Abu,Rp72.900,128 Terjual,64% Off,Kota Tangerang Selatan
Atjin -Celana Panjang Pria Model Kargo Multifungsi Baby terry Lembut,Rp49.302,5.0K Terjual,45% Off,Kota Bandung
2022 Celana Joger Korea Cargo Pants Men Six Pocket Hypebeast Zenomic List White Joger Kargo Dance,Rp116.700,162 Terjual,58% Off,Kota Bandung
CELANA PANJANG KARGO/CARGO PRIA UKURAN 27-38 PREMIUM QUALITY,Rp143.000,59 Terjual,16% Off,Kota Jakarta Selatan
Atjin -Celana Panjang Joger Jogger Pria Model Cargo Kargo Korea / Celana Olahraga Pria / Celana Jogger Pria / Celana Training Pria Panjang/ Jogger Pants Pria/ Celana Olahraga Pria Sport/ Celana Jogger Pria Terbaru 2021 / Celana Jogger Murah,Rp44.847,527 Terjual,70% Off,Kota Bandung
(COD) Celana Crinkle Kargo Model jogger Jumb0,Rp34.999,701 Terjual,24% Off,Kab. Cirebon
Atjin -Celana Joger Jogger Pria Model Cargo Kargo Korea,Rp45.000,162 Terjual,55% Off,Kota Bandung
Celana panjang wanita/celana senam kargo/ terlaris/ termurah/Celana Cargo putih,Rp89.184,953 Terjual,34% Off,Kota Jakarta Selatan
3 PCS celana pendek kolor / santai / kasual /celana kargo 3/4 terkini,Rp90.000,579 Terjual,58% Off,Kota Jakarta Selatan
Hammerstout - Combat Slim Black - Cargo - Celana Pria,Rp204.225,95 Terjual,42% Off,Kota Bandung
Hammerstout - Combat Short Cargo - Celana Pendek Pria,Rp185.250,2.2K Terjual,36% Off,Kota Bandung
Hammerstout - Forge Black - Cargo - Celana Pria,Rp204.225,24 Terjual,46% Off,Kota Bandung
Atjin- Celana Joger Pria Model Joger KARGO Kancing bahan Katun Stretch Lembut [ READY 3 Warna],Rp102.960,179 Terjual,31% Off,Kota Bandung
celana kargo jeans bahan tebal / kargo gunung PDL jeans,Rp94.900,89 Terjual,52% Off,Kab. Kudus
CELANA OLAHRAGA PANJANG WANITA/CELANA SENAM CARGO WANITA / CELANA OLAHRAGA JOGGING / SEPEDA/ VOLY / AEROBIK / GYM./ CELANA KARGO WANITA MODEL TERBARU,Rp98.901,3.1K Terjual,29% Off,Kab. Bogor
CELANA CARGO KARGO COKLAT CREAM KHAKI,Rp69.400,85 Terjual,54% Off,Kab. Kudus
Celana Panjang Anak Laki Laki Blue Jeans Anak Laki Laki Celana Panjang Anak Laki Laki  Warna Hitam Biru Usia Umur 9 10 11 Tahun-BALITASHOP1759030122,Rp79.000,7 Terjual,1% Off,Kab. Bekasi
Gizmo Long Cargo Pants Prime Grey,Rp159.800,41 Terjual,50% Off,Kota Bandung
CELANA CARGO PANJANG PRIA/CARGO CANVAS PREMIUM/KARGO REBEL ONE DENIM,Rp139.000,644 Terjual,60% Off,Kota Cimahi
Atjin-Celana Tactical Semi JOGER Tactical Pendek PDL Kargo Long Pants [KREM - ABU- HITAM-BIRU],Rp89.400,452 Terjual,31% Off,Kota Bandung
SIERRA FASHION - CELANA WANITA AVISA PANT HITS OOTD SELEBGRAM FASHION / CELANA WANITA MODEL KARGO,Rp27.500,110 Terjual,21% Off,Kota Jakarta Barat
Celana Panjang Cargo Kargo Hitam Pria best seller,Rp120.000,333 Terjual,51% Off,Kab. Bandung
Mnst | Longpants Cargo | Kai,Rp143.000,25 Terjual,43% Off,Kab. Tangerang
PROMO !!! CELANA PENDEK KARGO BAHAN DENIM DISTRO TERMURAH,Rp52.406,10 Terjual,47% Off,Kab. Grobogan
Celana Panjang Kargo GI Pria Slim Fit Cardinal E0068BK03F,Rp486.991,12 Terjual,31% Off,Kab. Bandung
NC - celana kargo cargo kimpul outdoor gunung panjang,Rp94.900,185 Terjual,35% Off,Kab. Kudus
Hammerstout - Grid - Cargo - Celana Pria,Rp302.513,10 Terjual,33% Off,Kota Bandung
celana kasual harajuku kargo Teachwear Stretwear wanita kargo pants wanita,Rp105.000,68 Terjual,50% Off,Kota Bandung
FALERI STORE celana panjang kargo biker pria/jeans kargo biker terbaru/celana panjang kargo cowok/celana panjang biker cowok/jeans kargo pria/jeans biker pria/celana panjang jeans pria terbabru,Rp145.000,133 Terjual,59% Off,Kota Cimahi
BIBA Celana joger tactical Blackhawk-Celana Tactical Panjang PDL Kargo Long Pants,Rp125.000,115 Terjual,38% Off,Kab. Bandung
Celana panjang joger kargo  pria army jumbo/big sixe waterprof,Rp123.500,12 Terjual,9% Off,Kab. Bandung
''KARGO PANT''/Celana joger kargo armi pria,Rp105.000,8 Terjual,5% Off,Kab. Bandung
JOGGER WANITA KARGO POLOS BISA COD UKURAN JUMBO/ JOGGER CARGO WANITA POLOS S-M-L-XL-XXL-3XL-4XL,Rp35.000,21 Terjual,65% Off,Kab. Pekalongan
Atjin -Celana Joger Kargo Cargo Panjang Pria  / Celana Olahraga Pria / Celana Jogger Pria / Celana Training Pria Panjang/ Jogger Pants Pria/ Celana Olahraga Pria Sport/ Celana Jogger Pria Terbaru 2021 / Celana Jogger Murah,Rp41.679,6 Terjual,72% Off,Kota Bandung
"Atjin- Celana Panjang  Joger Kargo Pria Katun Stretch Lembut Model Kargo  [ READY 5 Warna , Size 28-40]",Rp100.980,1.2K Terjual,50% Off,Kota Bandung
Atjin Premium- Celana Panjang Joger Jogger Kargo Cargo Gum Pocket Pria Korea  Bahan Katun Stretch Lembut Stealth Edition [ Hitam dan Abu ],Rp103.950,958 Terjual,48% Off,Kota Bandung
TjinCollection-Celana Tactical JOGER Tactical Panjang PDL Kargo Long Pants [KREM - ABU- HITAM-BIRU],Rp115.600,4.6K Terjual,54% Off,Kota Bandung
(PDL) CELANA PANJANG PDL KARGO KANTONG 4/BAWAHAN OLAH RAGA WANITA/BAJU SENAM MURAH,Rp79.000,3.6K Terjual,34% Off,Kab. Bandung
BEST SELLER REAL PICT celana pendek kargo pria premium branded,Rp124.500,474 Terjual,50% Off,Kota Jakarta Timur
celana pendek/celana santai/celana Casual/celana kargo 3/4 XXXL PAKET 3 PCS TERKINI,Rp100.000,86 Terjual,52% Off,Kota Jakarta Selatan
Atjin- Celana Joger Pria Model Joger KARGO katun Lembut [ READY 3 Warna],Rp103.851,15.3K Terjual,45% Off,Kota Bandung
Cassie Cargo Pants | Celana Kargo Drill | Kulot | Wide Leg Pants | Celana Kulot Cargo Wanita Kekinian 2023,Rp54.800,5.7K Terjual,70% Off,Kab. Pekalongan
Loose straight celana cargo oversize korean style cargo pants longgar 2023 terbaru celana kargo baggy khaki kulot baggy pants celana chinos panjang pria standar celana joger cargo big size celana pria keren unisex,Rp113.900,525 Terjual,42% Off,Kab. Tangerang
Atjin- Celana Joger Kargo Korea Bahan Twill Tebal Slim Fit [Hitam-Abu-Krem],Rp108.702,5.5K Terjual,19% Off,Kota Bandung
"Atjin- Celana Panjang  Joger Kargo Pria Korea Katun Stretch ELASTIS Lembut Model Kargo Korea  [ READY 5 Warna , Size 28-40]",Rp105.000,294 Terjual,58% Off,Kota Bandung
Foratjin- Celana Panjang Joger Jogger Hiphop Style Kargo Katun Stretch Lembut [ Hitam-Hijau-Krem],Rp107.217,151 Terjual,40% Off,Kota Bandung
"Atjin- Celana Joger Pria Katun Stretch Lembut Model Premium tipe Kargo Kancing  [ READY 3 Warna , Size 28-40]",Rp102.900,1.2K Terjual,55% Off,Kota Bandung
celana pendek cargo/celana gunung/celana kargo wanita tactical blackhawk,Rp58.350,102 Terjual,22% Off,Kab. Bandung
TjinCollection- Celana Joger Kargo Panjang Banyak Saku Pria  Slim Fit Fashion Korea [Hitam-Abu-Krem],Rp99.900,618 Terjual,46% Off,Kota Bandung
"Atjin- Celana Panjang Jogger Joger Kargo Sirwal Pria Katun Stretch Lembut Murah Kualitas Premium Hitam -Biru-Hijau-Krem-Mocha-Abu/ Celana SIrwal / Celana Muslim /Celana Joger Pria  [ READY 3 Warna , Size 28-40]",Rp88.000,44 Terjual,65% Off,Kota Bandung
Atjin Premium- Celana Panjang Joger Jogger Kargo Korea Sirwal Pria Katun Stretch Lembut Stealth Edition,Rp105.335,150 Terjual,30% Off,Kota Bandung
TjinCollection-Celana Tactical Pendek 3/4 JOGER Tactical PDL Kargo Long Pants [KREM - ABU- HITAM-HIJAU],Rp103.455,183 Terjual,29% Off,Kota Bandung
2 ps celana pendek anak cowok   celana kargo anak laki   celana DAZZ,Rp53.800,656 Terjual,55% Off,Kota Jakarta Barat
Malaco cullotes kargo pants trendy korean style // celana kulot kargo celana terbaru model celana korea 2023 celana wanita kekininan ootd,Rp40.000,4.5K Terjual,58% Off,Kab. Cirebon
Celana Jogger Kargo Army Wanita - Kualitas Premium Motif ABRI - Katun street [ Bisa COD ] Clothes Project,Rp38.823,19 Terjual,46% Off,Kota Tangerang Selatan
"Atjin- Celana Kargo Pendek Pria Loreng Tactical Camo Pria Bahan Katun Stretch Model Premium[ READY 4 Warna , Size 28-40]",Rp69.300,111 Terjual,47% Off,Kota Bandung
Celana Panjang Cargo Kargo Mocca Pria premium distro,Rp136.000,174 Terjual,44% Off,Kab. Bandung
celana kargo cargo panjang / celana kimpul kimpol outdoor PDL gunung,Rp94.900,2.3K Terjual,52% Off,Kab. Kudus
Wanita Celana Kargo Kasual Kamuflase Celana untuk Wanita Hijau Army Celana Kantong Dekorasi Celana Kamuflase/ Cargo model terbaru clothes project 2020,Rp32.051,57 Terjual,44% Off,Kota Tangerang Selatan
Celana Kulot Kargo Jeans Wanita Premium Terbaru Kekinian,Rp49.000,1.2K Terjual,50% Off,Kab. Cirebon
Celana Premium Cargo Pants Wanita Highwaist Casual Kekinian Korean Style Celana Panjang Kulot Hitam,Rp94.900,1.9K Terjual,50% Off,Kota Surabaya
celana kulot kargo celana terbaru model celana korea 2023,Rp32.335,2.3K Terjual,3% Off,Kab. Cirebon
Celana Kulot Cargo Jeans Denim Wanita Premium Terbaru Kekinian / Celana Jeans Wanita / Kulot Kargo Wanita,Rp50.900,1.9K Terjual,49% Off,Kab. Cirebon
PROMO TERMURAH !!! CELANA PENDEK KARGO BAHAN DENIM TERMURAH KARGO PENDEK CARGO Pinggang 27-38,Rp50.000,113 Terjual,57% Off,Kab. Grobogan
CELANA PENDEK KARGO BAHAN DENIM DISTRO TERMURAH - KARGO PENDEK,Rp79.000,13 Terjual,20% Off,Kab. Grobogan
Celana pendek Celana anak Celana kargo Celana pendek anak laki 2-13 tahun terlaris,Rp53.500,2.3K Terjual,57% Off,Kab. Bandung
Sivali Factory Willow Cargo Pants - Celana Kargo Ukuran Petite Linen Crinkle Highwaist - Baggy Cullote Pants,Rp89.000,5.2K Terjual,56% Off,Kota Jakarta Barat
Sivali Factory Bonnie Cargo Pants - Highwaist Loose Cargo - Celana Kargo Wanita - Baggy Pants,Rp99.900,1.6K Terjual,17% Off,Kota Jakarta Barat
Aero Denim Celana Panjang Kantong Kargo Anak Perempuan 116728445,Rp92.463,27 Terjual,63% Off,Kab. Tangerang
Sivali Factory Sydney Cargo Pants - Highwaist Loose Cargo - Celana Kargo Wanita - Baggy Pants,Rp120.900,249 Terjual,19% Off,Kota Jakarta Barat
Sivali Factory Joan Cargo Pants - Highwaist Loose Cargo - Celana Kargo Wanita - Baggy Pants,Rp96.000,407 Terjual,36% Off,Kota Jakarta Barat
CELANA CARGO JUNNOV TERBARU 2024 KARGO KATUN JOGGER JOGER LONG PANTS BAWAHAN WANITA KASUAL,Rp115.000,9 Terjual,56% Off,Kab. Majalengka
Sivali Factory Zoya Cargo Pants - Highwaist Loose Cargo - Celana Kargo Wanita - Baggy Pants,Rp93.100,196 Terjual,53% Off,Kota Jakarta Barat
ASOKA Denzel Cargo 2165 - Cargo Pants Unisex - Highwaist Loose Cargo,Rp95.000,389 Terjual,41% Off,Kota Jakarta Barat
Sivali Factory Harper Cargo Pants - Highwaist Loose Cargo - Celana Kargo Wanita - Baggy Pants,Rp95.000,67 Terjual,50% Off,Kota Jakarta Barat
Kiyora Jay Cargo Look Pants / Highwaist Loose Cargo / Celana Panjang Wanita / Korean Style,Rp145.950,23 Terjual,46% Off,Kota Jakarta Utara
DFS - Celana cargo panjang pria  keren - Celana kargo Rebel one - Celana pria PDl Premium,Rp139.000,341 Terjual,60% Off,Kota Cimahi
BCC Celana Panjang Cargo Jogger Pria Dewasa Katun Size Jumbo Joger Kargo Terbaru,Rp178.750,93 Terjual,35% Off,Kab. Bandung
Celana Panjang Kargo GI Pria Slim Fit Cardinal E0066BK05D,Rp510.930,16 Terjual,30% Off,Kab. Bandung
TELLY ➡️ BJ-022 Celana Kargo Wanita,Rp90.000,5 Terjual,50% Off,Kab. Tangerang
USO Celana Panjang Cargo Tactical Project Warna Abu Big Size Jumbo Bahan Ripstop Reguler Fit,Rp115.110,9 Terjual,62% Off,Kab. Bandung
Joger Panjang Kargo Tactical Tactical PDL Lapangan Pria Drill Halus,Rp110.000,7 Terjual,56% Off,Kota Bandung
Celana Panjang Kargo GI Pria Cardinal E0474BK03H,Rp475.930,11 Terjual,30% Off,Kab. Bandung
celana cargo / kargo pendek hitam / kargo jumbo / kimpol,Rp74.500,12 Terjual,50% Off,Kab. Kudus
Celana Wanita Kulot Zipper Scuba Premium Resleting Depan Terbaru 2023 Kekinian Viral Trend Hits Pinggang Elastis Melar Leg Highwaist - Celana Panjang Kulot Highwaist Wanita Premium Jumbo Remaja Dewasa - Fashion Wanita,Rp15.000,39.5K Terjual,67% Off,Kab. Cirebon
Celana Kulot Jeans Kekinian Terbaru Celana kulot jeans Panjang Kulot jeans Snow Kekinian Model terbaru Cullotes pants women Kulot jeans highwaist,Rp30.000,38.0K Terjual,75% Off,Kab. Pekalongan
"Celana Kulot Panjang Pinggang Karet Susun Pull kancing Dewasa Wanita , jumbo Premium bahan Tebal Pinggang Tinggi Versi Korea 2022 Kekinian Viral",Rp16.731,31.6K Terjual,78% Off,Kab. Cirebon
CELANA KULOT KARGO TERLARIS//HIGH WAIST KULOT JEANS WANITA // BOYFRIEND // CELANA KULOT WANITA//KAIN SAKURA ORI// CELANA WANITA //KULOT JEANS kargo//,Rp75.000,9.0K Terjual,55% Off,Kab. Pekalongan
GLORY - KAOS OVERSIZE THOMAS SHELBY / Kaos Pria Distro / Kaos Pria Oversize / Kaos Pria Terbaru Viral Kekinian / Kaos Oversize Distro Cowok / Fashion Pria Terbaru Korean Style / Kaos Pria Jumbo,Rp24.999,951 Terjual,72% Off,Kota Jakarta Utara
Celana Wanita Cargo Jogger Celana Bahan Wanita Kargo Celana Cargo Celana Joger,Rp65.000,10.2K Terjual,41% Off,Kab. Pekalongan
celana panjang pria kargo saku depan jeans kargo pria terbaru celana panjang pria model terbaru,Rp145.000,5 Terjual,47% Off,Kota Cimahi
Setelan Kaos Anak bahan Cotton combed 30s Celana Kargo Pendek Motif Sage Terbaru Baju Viral 2023,Rp76.000,5 Terjual,34% Off,Kab. Bandung
Setelan AF SET RISCO Set Pakaian Motif Sablon Full Print Setelan Model Kekinian,Rp78.000,496 Terjual,59% Off,Kota Jakarta Barat
Sivali Factory Cozie Pants | Highwaist Cullote Pants - Rib Knit Pants - Celana Kulot Wanita - Petite Friendly - Celana Anti Kusut 338,Rp89.000,2.0K Terjual,41% Off,Kota Jakarta Barat
ART DISTRO=/kaos jepang/Kaos T-shirt MEMPHIS ORIGINS terbaru / Kaos Jepang / Kaos Japan / Kaos AESTHETIC / Kaos Distro Premium / Kaos Terbaru 2022 / Kaos Terlaris 2022/ Kaos Unisex / Kaos Surfing / Kaos Kekinian / Kaos Lengan Pendek / Kaos Keren / KaosART,Rp34.900,694 Terjual,71% Off,Kota Jakarta Barat
ART DISTRO / Kaos T-shirt MEMPHIS ORIGINS SHOGUNATE SEKIGAHARA / Kaos ANIME JEPANG/ Kaos AESTHETIC / Kaos Distro Premium / Kaos Terbaru 2022 / Kaos Terlaris 2022 / Kaos Unisex / Kaos Surfing / Kaos Kekinian / Kaos Lengan Pendek / Kaos Keren,Rp34.900,4.0K Terjual,71% Off,Kota Jakarta Barat
ELVIO | CELANA PENDEK | CELANA BOXER | CELANA SANTAI |  UNISEX DEWASA | CELANA KASUAL | CELANA REBAHAN RUMAH JERSEY KARGO | CELANA ANIME | CELANA NARUTO | CELANA ONE PIECE | CELANA JEPANG JAPAN WIBU OTAKU DEATH NOTE | ASTROUNOT ASTRONOT,Rp15.073,315 Terjual,57% Off,Kota Jakarta Timur
Kaos RIB premium  lengan panjang / Kaos RIB lengan panjang wanita / Kaos RIB premium lengan panjang pria / Unisex,Rp37.600,630 Terjual,60% Off,Kota Tangerang
(CBR)CELANA PANJANG  SENAM ROK KANTONG/CELANA ROK KARGO L XL XXL/BAWAHAN BAJU SENAM TERBARU,Rp79.000,3.1K Terjual,34% Off,Kab. Bandung
Kaos Pria Gunung Ciremai/Kaos Pendaki Pria lengan Pendek/Kaos Egeir Gunung Ciremai Katun Combed 30s,Rp55.200,307 Terjual,15% Off,Kab. Bandung
Kaos Oversize Fillingstreet - Future Tosca,Rp129.000,269 Terjual,28% Off,Kota Yogyakarta
"(JUMBO) celana rok olah raga senam  motif kantong pinggir ukuran super jumbo 3XL,4XL5XL dan celana panjang kargo motif polos dan loreng army/bawahan senam aerobic zumba bahan spandex tebal/baju senam murah",Rp93.000,122 Terjual,19% Off,Kab. Bandung
CELANA PAULA KULOT JEANS SNOW//KULOT ALAZKA JUMBO//KULOT ALAZKA MAYUNG,Rp26.000,1.4K Terjual,69% Off,Kota Surakarta (Solo)
little purple- Rok mini jeans bayi dan anak snow wash usia 6 bln - 8 th,Rp62.400,351 Terjual,46% Off,Kab. Bandung
FREE ONGKIR/COD/CELANA PENDEK ANAK LAKI LAKI /CELANA KOLOR ANAK/CELANA HARIAN ANAK/CELANA PENDEK CHINOS ANAK/CELANA PENDEK ANAK UMUR 2 3 4 5 6 7 8 9 10 11 12 13 TAHUN/CELANA PENDEK TERBARU TERLARIS/CELANA PENDEK WARNA HITAM COKELAT ABU-ABU KREM/KARIM SHOP,Rp33.500,6.4K Terjual,55% Off,Kota Tangerang
KAOS PILOTTER KARYAWAN TUHAN NEW EDITION PILOTTER BRAND PILOTTER CO KAOS DISTRO KAOS RACING KAOS HEREX BAJU DSTRO BAJU KAOS BAJU HEREX,Rp42.500,146 Terjual,78% Off,Kab. Bogor
CELANA ROK OLAHRAGA WANITA/CELANA ROK LORENG KANTONG/CELANA ROK ARMY/CELANA JOGGING/CELANA SENAM ARMY,Rp113.664,109 Terjual,29% Off,Kab. Bogor
Celana Panjang Kargo GI Pria Slim Fit Cardinal E0064BK03F,Rp500.711,18 Terjual,31% Off,Kab. Bandung
MURAH GRATIS ONGKIR CELANA CARGO PANJANG PREMIUM PRIA TEBAL SLIMFIT ANAK LAKI LAKI KARGO TERBARU 2023 SIZE 28 - 33,Rp60.295,154 Terjual,53% Off,Kota Depok
Cargo Pendek Taraje Regan,Rp110.000,66 Terjual,42% Off,Kab. Bandung Barat
Dgm_Fashion1 Celana Cargo Pria Pendek Twill Cream Best Seller /Celana Cargo Pendek/Celana Cargo Taktikal/cargo panjang/celana taktikal/Cargo premium /Cargo Taktikal/Taktikal Panjang/Cargo Distro/Celana Kargo/Cargo Polos/Cargo Twill/Taktikal Polos PU 6255,Rp69.000,12 Terjual,65% Off,Kota Tangerang Selatan
Dgm_Fashion1 Celana Cargo Pria Pendek Twill Cream Best Seller /Celana Cargo Pendek/Celana Cargo Taktikal/cargo panjang/celana taktikal/Cargo premium /Cargo Taktikal/Taktikal Panjang/Cargo Distro/Celana Kargo/Cargo Polos/Cargo Twill/Taktikal Polos PU 6255,Rp69.000,16 Terjual,65% Off,Kota Tangerang Selatan
Dgm_Fashion1 Celana Cargo Hitam Pria Panjang Twill Best Seller /Celana Cargo Panjang/Celana Cargo Taktikal/cargo pendek/celana taktikal/Cargo premium /Cargo Taktikal/Taktikal Panjang/Cargo Distro/Celana Kargo/Cargo Polos/Cargo Twill/Taktikal Polos PU 6250,Rp112.000,18 Terjual,43% Off,Kota Tangerang Selatan
Hammerstout - Combat Loose Type 2 Army - Cargo - Celana Pria,Rp231.000,8 Terjual,38% Off,Kota Bandung
CELANA PENDEK PRIA TERBARU/celana pendek cargo/celana pendek kargo/celana pendek cinos/celana pendek pria/Celana Pendek Chinos/Celana Gunung/celana / C-G STORE celana celana cargo pria  celana pendek cargo murah celana kargo terbaru celana kargo,Rp53.000,2.4K Terjual,74% Off,Kab. Pekalongan
AHF Celana Cargo/Kargo Panjang (Hitam),Rp87.900,550 Terjual,65% Off,Kab. Bandung
Hammerstout - Street - Cargo - Celana Pria,Rp233.400,28 Terjual,48% Off,Kota Bandung
[ ZAVIAN ] CELANA CARGO PENDEK PRIA DISTRO TERBARU KEKINIAN VIRAL PINGGANG ELASTIS / CELANA KARGO PENDEK PRIA TERLARIS / CELANA CARGO PENDEK PRIA GEMBOL / CELANA KARGO PENDEK LAKI LAKI BEST SELLER,Rp17.500,26 Terjual,75% Off,Kab. Cirebon
Hammerstout - Combat Slim Khaki - Cargo - Celana Pria,Rp204.225,111 Terjual,42% Off,Kota Bandung
Celana Panjang Kargo GI Pria Cardinal E0467BK06F,Rp293.020,57 Terjual,58% Off,Kab. Bandung
Hammerstout - Forge Olive - Cargo - Celana Pria,Rp200.578,83 Terjual,47% Off,Kota Bandung
Greenforest Tulip Celana Gunung Cargo Pendek - Celana Kargo Pendek Quickdry,Rp85.000,69 Terjual,35% Off,Kota Bekasi
Cargo Panjang New Regan,Rp169.000,173 Terjual,32% Off,Kab. Bandung Barat
Celana Kargo panjang by Dkarver bahan semi Kanvas,Rp94.900,383 Terjual,62% Off,Kab. Kudus
BEST SELLER REAL PICT celana panjang jogger kargo branded,Rp132.500,1.6K Terjual,56% Off,Kota Jakarta Timur
celana cargo chinos anak-anak | celana kargo katun chino anak laki-laki | cargo pants cargo anak cowok,Rp94.900,7 Terjual,62% Off,Kota Jakarta Selatan
Dgm Fashion1 Celana Cargo Hitam Pria Panjang Twill Best Seller /Celana Cargo Panjang/Celana Cargo Taktikal/cargo pendek/celana taktikal/Cargo premium /Cargo Taktikal/Taktikal Panjang/Cargo Distro/Celana Kargo/Cargo Polos/Cargo Twill/Taktikal Polos PU 6250,Rp110.000,195 Terjual,48% Off,Kota Tangerang Selatan
5 - 12 TAHUN CELANA CHINOS CARGO ANAK LAKI LAKI CELANA KARGO PANJANG ANAK COWOK LAKI LAKI TERBARU KEKINIAN CELANA ANAK LAKI LAKI  CHINOS / CELANA CHINOS CINOS CINO IMPORT PREMIUM ANAK TERLARIS,Rp162.000,940 Terjual,25% Off,Kota Bandung
BEST seller real pict celana panjang jogger kargo branded,Rp134.500,241 Terjual,44% Off,Kota Jakarta Timur
CELANA CARGO JUNNOV TERBARU 2024 KARGO KATUN JOGGER JOGER LONG PANTS BAWAHAN WANITA KASUAL,Rp115.000,6 Terjual,56% Off,Kab. Majalengka
Hammerstout - Mustang - Cargo - Celana Pria,Rp227.430,36 Terjual,43% Off,Kota Bandung
BEST SELLER REAL PICT celana panjang jogger kargo branded,Rp134.500,76 Terjual,41% Off,Kota Jakarta Timur
BEST SELLER REAL PICT Celana pendek kargo PRIA BRANDED,Rp124.500,679 Terjual,58% Off,Kota Jakarta Timur
BEST SELLER REAL PICT celana panjang kargo pria branded surf,Rp139.900,33 Terjual,60% Off,Kota Jakarta Timur
BEST SELLER REAL PICT celana panjang jogger kargo branded,Rp132.000,124 Terjual,56% Off,Kota Jakarta Timur
celana pendek anak kargo zunior 1-9 tahun,Rp65.000,1.1K Terjual,28% Off,Kota Bandung
Celana Panjang Wanita Cargo Jogger Wanita Karet Pinggang Celana kargo Wanita,Rp39.500,106 Terjual,37% Off,Kab. Pekalongan
BEST SELLER REAL PICT celana panjang joger kargo pria branded,Rp129.500,240 Terjual,62% Off,Kota Jakarta Timur
GutenInc - Celana Kargo Pria Leone Cargo Pants Black,Rp180.000,13 Terjual,51% Off,Kota Bandung
BISA BAYAR DITEMPAT/celana pendek cargo fhasion pria style/cargo keren/kargoabu riel pick/celana pendek pria/celana pendek kargo/celana santai/celana murah/Halte Fashion,Rp45.900,368 Terjual,69% Off,Kota Jakarta Pusat
Pilihan baik Celana Cargo Panjang Pria Jumbo Big Size 39-44 - Pilihan Terbaik untuk Petualangan Outdoor,Rp109.500,5.9K Terjual,65% Off,Kab. Kudus
BEST SELLER REAL PICT celana panjang jogger kargo branded,Rp133.500,36 Terjual,55% Off,Kota Jakarta Timur
CELANA KARGO PANJANG YANG LAGI VIRAL MURAH SEJAGAT RAYA,Rp38.000,33 Terjual,5% Off,Kab. Cirebon
Celana Panjang anak laki-laki perempuan cargo 1-13 tahun terbaru 2021 kekinian / chinos cargo / jogger / celana panjang cargo panjang celana cargo anak laki laki umur 12 tahun celana cargo panjang  celana kargo  celana cargo pria  celana cargo cowok MURAH,Rp31.000,48 Terjual,59% Off,Kab. Bandung
BEST SELLER REAL PICT celana panjang jogger kargo branded,Rp134.500,86 Terjual,55% Off,Kota Jakarta Timur
JB Celana Cargo Panjang Grey,Rp199.000,38 Terjual,50% Off,Kab. Banyumas
